序号,链接,节点数
0,https://raw.githubusercontent.com/Au1rxx/free-vpn-subscriptions/main/output/clash.yaml,106
1,https://raw.githubusercontent.com/Au1rxx/free-vpn-subscriptions/main/output/v2ray-base64.txt,106
2,https://raw.githubusercontent.com/Barabama/FreeNodes/main/nodes/blues.yaml,60
3,https://raw.githubusercontent.com/Barabama/FreeNodes/main/nodes/clashmeta.yaml,89
4,https://raw.githubusercontent.com/Barabama/FreeNodes/main/nodes/ndnode.yaml,0
5,https://raw.githubusercontent.com/Barabama/FreeNodes/main/nodes/nodefree.yaml,23
6,https://raw.githubusercontent.com/Barabama/FreeNodes/main/nodes/v2rayshare.yaml,0
7,https://raw.githubusercontent.com/Barabama/FreeNodes/main/nodes/wenode.yaml,0
8,https://raw.githubusercontent.com/Barabama/FreeNodes/main/nodes/yudou66.yaml,163
9,https://raw.githubusercontent.com/Pawdroid/Free-servers/main/sub,16
10,https://raw.githubusercontent.com/Surfboardv2ray/TGParse/main/python/hysteria2,89
11,https://raw.githubusercontent.com/anaer/Sub/main/clash.yaml,1617
12,https://raw.githubusercontent.com/ebrasha/free-v2ray-public-list/main/trojan_configs.txt,0
13,https://raw.githubusercontent.com/ebrasha/free-v2ray-public-list/main/vless_configs.txt,0
14,https://raw.githubusercontent.com/free18/v2ray/main/c.yaml,301
15,https://raw.githubusercontent.com/free18/v2ray/main/v.txt,301
16,https://raw.githubusercontent.com/freefq/free/master/v2,15
17,https://raw.githubusercontent.com/mfuu/v2ray/master/clash.yaml,0
18,https://raw.githubusercontent.com/mfuu/v2ray/master/v2ray,48
19,https://raw.githubusercontent.com/mheidari98/.proxy/main/all,0
20,https://raw.githubusercontent.com/peasoft/NoMoreWalls/master/list.meta.yml,0
21,https://raw.githubusercontent.com/peasoft/NoMoreWalls/master/list.txt,148
22,https://raw.githubusercontent.com/ripaojiedian/freenode/main/clash,14
23,https://raw.githubusercontent.com/ripaojiedian/freenode/main/sub,14
24,https://raw.githubusercontent.com/rtwo2/FastNodes/main/sub/protocols/hysteria2.yaml,51
25,https://raw.githubusercontent.com/rtwo2/FastNodes/main/sub/protocols/ss.yaml,1000
26,https://raw.githubusercontent.com/rtwo2/FastNodes/main/sub/protocols/trojan.yaml,1000
27,https://raw.githubusercontent.com/rtwo2/FastNodes/main/sub/protocols/vless.yaml,1000
28,https://raw.githubusercontent.com/rtwo2/FastNodes/main/sub/protocols/vmess.yaml,1000
29,https://raw.githubusercontent.com/v2raynnodes/clashfree/main/clash.yaml,905
30,https://raw.githubusercontent.com/wiki/gfpcom/free-proxy-list/lists/hy2.txt,275
31,https://raw.githubusercontent.com/wiki/gfpcom/free-proxy-list/lists/trojan.txt,0
32,https://raw.githubusercontent.com/wiki/gfpcom/free-proxy-list/lists/vless.txt,0
33,https://raw.githubusercontent.com/zhangkaiitugithub/passcro/main/speednodes.yaml,59
34,https://raw.githubusercontent.com/zhuhaiuk/free-nodes/main/clash_config.yaml,47
35,https://raw.githubusercontent.com/zhuhaiuk/free-nodes/main/nodes.txt,48
36,dynamic://peasoft,0

总计,,7160
